GOLD,I,EUW1_5534282920
GOLD,I,EUW1_5525075114
GOLD,I,EUW1_5524985218
GOLD,I,EUW1_5525071549
GOLD,I,EUW1_5525001288
GOLD,I,EUW1_5516819082
GOLD,I,EUW1_5516862143
GOLD,I,EUW1_5516796043
GOLD,I,EUW1_5515943414
GOLD,I,EUW1_5515961885
GOLD,I,EUW1_5515950815
GOLD,I,EUW1_5515818279
GOLD,I,EUW1_5515872368
GOLD,I,EUW1_5515747680
GOLD,I,EUW1_5453615340
GOLD,I,EUW1_5453478471
GOLD,I,EUW1_5452116670
GOLD,I,EUW1_5445217496
GOLD,I,EUW1_5445254947
GOLD,I,EUW1_5442066583
GOLD,I,EUW1_5442043270
GOLD,I,EUW1_5442006465
GOLD,I,EUW1_5439744041
GOLD,I,EUW1_5439711442
GOLD,I,EUW1_5439636884
GOLD,I,EUW1_5534501774
GOLD,I,EUW1_5534338710
GOLD,I,EUW1_5534343567
GOLD,I,EUW1_5532393118
GOLD,I,EUW1_5531231242
GOLD,I,EUW1_5530954312
GOLD,I,EUW1_5530571526
GOLD,I,EUW1_5530465716
GOLD,I,EUW1_5529481071
GOLD,I,EUW1_5529101227
GOLD,I,EUW1_5527506324
GOLD,I,EUW1_5527452507
GOLD,I,EUW1_5524878593
GOLD,I,EUW1_5523498465
GOLD,I,EUW1_5523319115
GOLD,I,EUW1_5522058541
GOLD,I,EUW1_5520744385
GOLD,I,EUW1_5520772237
GOLD,I,EUW1_5520684122
GOLD,I,EUW1_5520589914
GOLD,I,EUW1_5520564651
GOLD,I,EUW1_5520429546
GOLD,I,EUW1_5520422488
GOLD,I,EUW1_5520254265
GOLD,I,EUW1_5518890921
GOLD,I,EUW1_5177652374
GOLD,I,EUW1_5177593070
GOLD,I,EUW1_5177506708
GOLD,I,EUW1_5098325077
GOLD,I,EUW1_5098189200
GOLD,I,EUW1_5098104003
GOLD,I,EUW1_5098025840
GOLD,I,EUW1_5097884769
GOLD,I,EUW1_5097606328
GOLD,I,EUW1_5097020173
GOLD,I,EUW1_5097004857
GOLD,I,EUW1_5097001171
GOLD,I,EUW1_5096838316
GOLD,I,EUW1_5096852074
GOLD,I,EUW1_5096028044
GOLD,I,EUW1_5096007228
GOLD,I,EUW1_5095921400
GOLD,I,EUW1_5519318651
GOLD,I,EUW1_5519324625
GOLD,I,EUW1_5516827261
GOLD,I,EUW1_5516871973
GOLD,I,EUW1_5515159332
GOLD,I,EUW1_5470312633
GOLD,I,EUW1_5470320515
GOLD,I,EUW1_5469017049
GOLD,I,EUW1_5468967130
GOLD,I,EUW1_5464398589
GOLD,I,EUW1_5464340757
GOLD,I,EUW1_5463831050
GOLD,I,EUW1_5463764546
GOLD,I,EUW1_5463732015
GOLD,I,EUW1_5463705670
GOLD,I,EUW1_5354705544
GOLD,I,EUW1_5342506026
GOLD,I,EUW1_5342226981
GOLD,I,EUW1_5341939771
GOLD,I,EUW1_5270377524
GOLD,I,EUW1_5265272438
GOLD,I,EUW1_5261698041
GOLD,I,EUW1_5261646385
GOLD,I,EUW1_5231559717
GOLD,I,EUW1_5217557114
GOLD,I,EUW1_5532471439
GOLD,I,EUW1_5532424081
GOLD,I,EUW1_5532360637
GOLD,I,EUW1_5532074013
GOLD,I,EUW1_5531852683
GOLD,I,EUW1_5531738116
GOLD,I,EUW1_5531691561
GOLD,I,EUW1_5530847337
GOLD,I,EUW1_5530659097
GOLD,I,EUW1_5530662382
GOLD,I,EUW1_5530470003
GOLD,I,EUW1_5528969413
GOLD,I,EUW1_5528700641
GOLD,I,EUW1_5528504548
GOLD,I,EUW1_5526967824
GOLD,I,EUW1_5527010559
GOLD,I,EUW1_5526888128
GOLD,I,EUW1_5524100194
GOLD,I,EUW1_5524114578
GOLD,I,EUW1_5523468255
GOLD,I,EUW1_5523334153
GOLD,I,EUW1_5521862484
GOLD,I,EUW1_5521735490
GOLD,I,EUW1_5521717927
GOLD,I,EUW1_5521210864
GOLD,I,EUW1_5533551793
GOLD,I,EUW1_5532449761
GOLD,I,EUW1_5532223416
GOLD,I,EUW1_5532101661
GOLD,I,EUW1_5531966905
GOLD,I,EUW1_5531897766
GOLD,I,EUW1_5531892936
GOLD,I,EUW1_5531788289
GOLD,I,EUW1_5530446350
GOLD,I,EUW1_5530450938
GOLD,I,EUW1_5530353741
GOLD,I,EUW1_5530269569
GOLD,I,EUW1_5494466453
GOLD,I,EUW1_5494409444
GOLD,I,EUW1_5494364323
GOLD,I,EUW1_5491491580
GOLD,I,EUW1_5488350884
GOLD,I,EUW1_5488244644
GOLD,I,EUW1_5488201770
GOLD,I,EUW1_5484117747
GOLD,I,EUW1_5484070713
GOLD,I,EUW1_5483993706
GOLD,I,EUW1_5483911128
GOLD,I,EUW1_5483755947
GOLD,I,EUW1_5483711799
GOLD,I,EUN1_2862510367
GOLD,I,EUN1_2846156639
GOLD,I,EUN1_2845903232
GOLD,I,EUN1_2845878001
GOLD,I,EUN1_2825723922
GOLD,I,EUN1_2820507620
GOLD,I,EUN1_2820505736
GOLD,I,EUN1_2820287952
GOLD,I,EUN1_2820112806
GOLD,I,EUN1_2820087720
GOLD,I,EUN1_2820012081
GOLD,I,EUN1_2820047988
GOLD,I,EUN1_2820000882
GOLD,I,EUN1_2819884893
GOLD,I,EUN1_2819922167
GOLD,I,EUN1_2817294658
GOLD,I,EUN1_2817247276
GOLD,I,EUN1_2816746019
GOLD,I,EUN1_2816700894
GOLD,I,EUN1_2816707232
GOLD,I,EUN1_2816653265
GOLD,I,EUN1_2816651017
GOLD,I,EUN1_2813735537
GOLD,I,EUN1_2813711096
GOLD,I,EUN1_2813065234
GOLD,I,EUW1_5529334049
GOLD,I,EUW1_5529230035
GOLD,I,EUW1_5529190454
GOLD,I,EUW1_5529144747
GOLD,I,EUW1_5529010092
GOLD,I,EUW1_5528730209
GOLD,I,EUW1_5527346797
GOLD,I,EUW1_5526914258
GOLD,I,EUW1_5526902534
GOLD,I,EUW1_5526837522
GOLD,I,EUW1_5526247269
GOLD,I,EUW1_5525586511
GOLD,I,EUW1_5525459653
GOLD,I,EUW1_5525390583
GOLD,I,EUW1_5523922821
GOLD,I,EUW1_5523911535
GOLD,I,EUW1_5523150777
GOLD,I,EUW1_5522914336
GOLD,I,EUW1_5522669174
GOLD,I,EUW1_5522627027
GOLD,I,EUW1_5505335897
GOLD,I,EUW1_5504337896
GOLD,I,EUW1_5504103081
GOLD,I,EUW1_5504020562
GOLD,I,EUW1_5502737718
GOLD,I,EUW1_5280399508
GOLD,I,EUW1_5280195576
GOLD,I,EUW1_5278528085
GOLD,I,EUW1_5278360660
GOLD,I,EUW1_5278277733
GOLD,I,EUW1_5277604116
GOLD,I,EUW1_5277538183
GOLD,I,EUW1_5277291349
GOLD,I,EUW1_5275661050
GOLD,I,EUW1_5275533723
GOLD,I,EUW1_5275248647
GOLD,I,EUW1_5275272115
GOLD,I,EUW1_5237463087
GOLD,I,EUW1_5237376627
GOLD,I,EUW1_5208168578
GOLD,I,EUW1_5154621243
GOLD,I,EUW1_5154582473
GOLD,I,EUW1_5141886955
GOLD,I,EUW1_5426140001
GOLD,I,EUW1_5423526037
GOLD,I,EUW1_5423376671
GOLD,I,EUW1_5423363071
GOLD,I,EUW1_5422963116
GOLD,I,EUW1_5420072898
GOLD,I,EUW1_5419829400
GOLD,I,EUW1_5415120051
GOLD,I,EUW1_5415105750
GOLD,I,EUW1_5415122654
GOLD,I,EUW1_5415049318
GOLD,I,EUW1_5415054184
GOLD,I,EUW1_5412674970
GOLD,I,EUW1_5407096276
GOLD,I,EUW1_5406772527
GOLD,I,EUW1_5406609704
GOLD,I,EUW1_5406633667
GOLD,I,EUW1_5405356624
GOLD,I,EUW1_5405345883
GOLD,I,EUW1_5405169617
GOLD,I,EUW1_5404753133
GOLD,I,EUW1_5402919482
GOLD,I,EUW1_5402967208
GOLD,I,EUW1_5401265404
GOLD,I,EUW1_5401240530
GOLD,I,EUW1_5485293407
GOLD,I,EUW1_5485128737
GOLD,I,EUW1_5485142376
GOLD,I,EUW1_5485036939
GOLD,I,EUW1_5485007164
GOLD,I,EUW1_5484973170
GOLD,I,EUW1_5484839550
GOLD,I,EUW1_5484855836
GOLD,I,EUW1_5484767463
GOLD,I,EUW1_5484763271
GOLD,I,EUW1_5470343160
GOLD,I,EUW1_5464888137
GOLD,I,EUW1_5464913421
GOLD,I,EUW1_5418827636
GOLD,I,EUW1_5415957665
GOLD,I,EUW1_5415933053
GOLD,I,EUW1_5415829167
GOLD,I,EUW1_5281942064
GOLD,I,EUW1_5281821249
GOLD,I,EUW1_5280637891
GOLD,I,EUW1_5280701278
GOLD,I,EUW1_5280504451
GOLD,I,EUW1_5280369317
GOLD,I,EUW1_5277178696
GOLD,I,EUW1_5271722920
GOLD,I,EUW1_5534323422
GOLD,I,EUW1_5534295136
GOLD,I,EUW1_5533155741
GOLD,I,EUW1_5533122585
GOLD,I,EUW1_5533039112
GOLD,I,EUW1_5532977218
GOLD,I,EUW1_5532594357
GOLD,I,EUW1_5532557710
GOLD,I,EUW1_5532456788
GOLD,I,EUW1_5532410654
GOLD,I,EUW1_5532341976
GOLD,I,EUW1_5532175385
GOLD,I,EUW1_5532157507
GOLD,I,EUW1_5532124026
GOLD,I,EUW1_5532028123
GOLD,I,EUW1_5531947079
GOLD,I,EUW1_5531883248
GOLD,I,EUW1_5531836029
GOLD,I,EUW1_5531668917
GOLD,I,EUW1_5530647706
GOLD,I,EUW1_5530681773
GOLD,I,EUW1_5530526857
GOLD,I,EUW1_5530570910
GOLD,I,EUW1_5530476620
GOLD,I,EUW1_5530422390
GOLD,I,EUW1_5447119639
GOLD,I,EUW1_5410856212
GOLD,I,EUW1_5407838689
GOLD,I,EUW1_5403402640
GOLD,I,EUW1_5403248272
GOLD,I,EUW1_5367193785
GOLD,I,EUW1_5358490079
GOLD,I,EUW1_5358470580
GOLD,I,EUW1_5358345668
GOLD,I,EUW1_5357907788
GOLD,I,EUW1_5357852810
GOLD,I,EUW1_5322899710
GOLD,I,EUW1_5117828486
GOLD,I,EUW1_5117775617
GOLD,I,EUW1_5117751158
GOLD,I,EUW1_5108846701
GOLD,I,EUW1_5108843860
GOLD,I,EUW1_5108850906
GOLD,I,EUW1_5108634755
GOLD,I,EUW1_5071775260
GOLD,I,EUW1_5071711144
GOLD,I,EUW1_5071666457
GOLD,I,EUW1_5070079773
GOLD,I,EUW1_5070027581
GOLD,I,EUW1_5070010577
GOLD,I,EUW1_5532929456
GOLD,I,EUW1_5532887951
GOLD,I,EUW1_5532902539
GOLD,I,EUW1_5532283723
GOLD,I,EUW1_5532253047
GOLD,I,EUW1_5532089883
GOLD,I,EUW1_5532074157
GOLD,I,EUW1_5531996025
GOLD,I,EUW1_5531646247
GOLD,I,EUW1_5531583943
GOLD,I,EUW1_5531527450
GOLD,I,EUW1_5530697329
GOLD,I,EUW1_5530671854
GOLD,I,EUW1_5530517088
GOLD,I,EUW1_5530419850
GOLD,I,EUW1_5530461815
GOLD,I,EUW1_5528884843
GOLD,I,EUW1_5528830760
GOLD,I,EUW1_5528705125
GOLD,I,EUW1_5468628438
GOLD,I,EUW1_5468480074
GOLD,I,EUW1_5468511571
GOLD,I,EUW1_5466950814
GOLD,I,EUW1_5466824230
GOLD,I,EUW1_5466737120
GOLD,I,EUW1_5183687365
GOLD,I,EUW1_5183566673
GOLD,I,EUW1_5183479134
GOLD,I,EUW1_5183462988
GOLD,I,EUW1_5183405330
GOLD,I,EUW1_5183088933
GOLD,I,EUW1_5183039012
GOLD,I,EUW1_5183042166
GOLD,I,EUW1_5182898044
GOLD,I,EUW1_5182924105
GOLD,I,EUW1_5182760420
GOLD,I,EUW1_5181660678
GOLD,I,EUW1_5179638591
GOLD,I,EUW1_5179641738
GOLD,I,EUW1_5179420502
GOLD,I,EUW1_5179304903
GOLD,I,EUW1_5177809340
GOLD,I,EUW1_5177783155
GOLD,I,EUW1_5177232038
GOLD,I,EUW1_5176960057
GOLD,I,EUW1_5176915153
GOLD,I,EUW1_5176789820
GOLD,I,EUW1_5175518755
GOLD,I,EUW1_5175491012
GOLD,I,EUW1_5175403957
GOLD,I,EUW1_5492503960
GOLD,I,EUW1_5491418161
GOLD,I,EUW1_5473152143
GOLD,I,EUW1_5472984261
GOLD,I,EUW1_5470767553
GOLD,I,EUW1_5468863028
GOLD,I,EUW1_5468798647
GOLD,I,EUW1_5466804809
GOLD,I,EUW1_5465096105
GOLD,I,EUW1_5461653889
GOLD,I,EUW1_5461137706
GOLD,I,EUW1_5459977129
GOLD,I,EUW1_5459981735
GOLD,I,EUW1_5459743661
GOLD,I,EUW1_5458830800
GOLD,I,EUW1_5458522308
GOLD,I,EUW1_5458162065
GOLD,I,EUW1_5458087865
GOLD,I,EUW1_5456979853
GOLD,I,EUW1_5456897842
GOLD,I,EUW1_5456912324
GOLD,I,EUW1_5456412521
GOLD,I,EUW1_5456327017
GOLD,I,EUW1_5455605215
GOLD,I,EUW1_5455198381
GOLD,I,EUW1_5534110390
GOLD,I,EUW1_5534162008
GOLD,I,EUW1_5533808331
GOLD,I,EUW1_5533880694
GOLD,I,EUW1_5533683479
GOLD,I,EUW1_5533518221
GOLD,I,EUW1_5533542171
GOLD,I,EUW1_5533415202
GOLD,I,EUW1_5533441032
GOLD,I,EUW1_5533266237
GOLD,I,EUW1_5533300801
GOLD,I,EUW1_5532466055
GOLD,I,EUW1_5529950322
GOLD,I,EUW1_5529985946
GOLD,I,EUW1_5529990467
GOLD,I,EUW1_5529858200
GOLD,I,EUW1_5529507055
GOLD,I,EUW1_5529531633
GOLD,I,EUW1_5529486138
GOLD,I,EUW1_5529471349
GOLD,I,EUW1_5528695572
GOLD,I,EUW1_5528540003
GOLD,I,EUW1_5527475929
GOLD,I,EUW1_5527409690
GOLD,I,EUW1_5527353643
GOLD,I,EUW1_5533404427
GOLD,I,EUW1_5533327646
GOLD,I,EUW1_5533266082
GOLD,I,EUW1_5533139829
GOLD,I,EUW1_5533077190
GOLD,I,EUW1_5466490767
GOLD,I,EUW1_5466421608
GOLD,I,EUW1_5452040054
GOLD,I,EUW1_5446706717
GOLD,I,EUW1_5446655253
GOLD,I,EUW1_5438770824
GOLD,I,EUW1_5438732932
GOLD,I,EUW1_5438507269
GOLD,I,EUW1_5438502314
GOLD,I,EUW1_5434278684
GOLD,I,EUW1_5434242598
GOLD,I,EUW1_5434237940
GOLD,I,EUW1_5434211349
GOLD,I,EUW1_5434067222
GOLD,I,EUW1_5434133154
GOLD,I,EUW1_5433977633
GOLD,I,EUW1_5434010527
GOLD,I,EUW1_5433906486
GOLD,I,EUW1_5433799299
GOLD,I,EUW1_5433753772
GOLD,I,EUW1_5213986741
GOLD,I,EUW1_5212517909
GOLD,I,EUW1_5212404959
GOLD,I,EUW1_5205495443
GOLD,I,EUW1_5177510111
GOLD,I,EUW1_5177472167
GOLD,I,EUW1_5177356816
GOLD,I,EUW1_5177318241
GOLD,I,EUW1_5177236107
GOLD,I,EUW1_5177221804
GOLD,I,EUW1_5176033694
GOLD,I,EUW1_5176012575
GOLD,I,EUW1_5175943714
GOLD,I,EUW1_5175789554
GOLD,I,EUW1_5175601374
GOLD,I,EUW1_5175406921
GOLD,I,EUW1_5175358906
GOLD,I,EUW1_5175104168
GOLD,I,EUW1_5174909606
GOLD,I,EUW1_5174904628
GOLD,I,EUW1_5173828291
GOLD,I,EUW1_5173729629
GOLD,I,EUW1_5173745693
GOLD,I,EUW1_5173554290
GOLD,I,EUW1_5173419577
GOLD,I,TR1_1235489114
GOLD,I,TR1_1235477376
GOLD,I,TR1_1235493497
GOLD,I,TR1_1234141013
GOLD,I,TR1_1234012236
GOLD,I,TR1_1234008920
GOLD,I,TR1_1233553911
GOLD,I,TR1_1232132163
GOLD,I,TR1_1232150240
GOLD,I,TR1_1231613549
GOLD,I,TR1_1231092582
GOLD,I,TR1_1231090003
GOLD,I,TR1_1231077365
GOLD,I,TR1_1230972759
GOLD,I,TR1_1230449531
GOLD,I,TR1_1230249055
GOLD,I,TR1_1230206644
GOLD,I,TR1_1230185435
GOLD,I,TR1_1230133605
GOLD,I,TR1_1230090391
GOLD,I,TR1_1229878447
GOLD,I,TR1_1229870276
GOLD,I,TR1_1229662062
GOLD,I,TR1_1229638981
GOLD,I,TR1_1229616718
GOLD,I,EUW1_5521545976
GOLD,I,EUW1_5521517246
GOLD,I,EUW1_5520551687
GOLD,I,EUW1_5520454655
GOLD,I,EUW1_5520261172
GOLD,I,EUW1_5519895080
GOLD,I,EUW1_5519240048
GOLD,I,EUW1_5519194605
GOLD,I,EUW1_5516908773
GOLD,I,EUW1_5516971552
GOLD,I,EUW1_5516875303
GOLD,I,EUW1_5503627174
GOLD,I,EUW1_5503567739
GOLD,I,EUW1_5503500017
GOLD,I,EUW1_5503515075
GOLD,I,EUW1_5503390323
GOLD,I,EUW1_5500709178
GOLD,I,EUW1_5500490222
GOLD,I,EUW1_5500515944
GOLD,I,EUW1_5498874320
GOLD,I,EUW1_5497408846
GOLD,I,EUW1_5497362963
GOLD,I,EUW1_5348803521
GOLD,I,EUW1_5083949970
GOLD,I,EUW1_5533438247
GOLD,I,EUW1_5527813647
GOLD,I,EUW1_5520428082
GOLD,I,EUW1_5520300425
GOLD,I,EUW1_5520293670
GOLD,I,EUW1_5519908898
GOLD,I,EUW1_5519963253
GOLD,I,EUW1_5518938896
GOLD,I,EUW1_5518828712
GOLD,I,EUW1_5518824577
GOLD,I,EUW1_5518708107
GOLD,I,EUW1_5518701160
GOLD,I,EUW1_5518614273
GOLD,I,EUW1_5509541944
GOLD,I,EUW1_5509396939
GOLD,I,EUW1_5506539742
GOLD,I,EUW1_5506507068
GOLD,I,EUW1_5506581585
GOLD,I,EUW1_5506427911
GOLD,I,EUW1_5506377771
GOLD,I,EUW1_5506247706
GOLD,I,EUW1_5466434985
GOLD,I,EUW1_5466349765
GOLD,I,EUW1_5466302412
GOLD,I,EUW1_5466132729
GOLD,I,EUW1_5532580467
GOLD,I,EUW1_5532476210
GOLD,I,EUW1_5532490679
GOLD,I,EUW1_5532375524
GOLD,I,EUW1_5532370708
GOLD,I,EUW1_5531912729
GOLD,I,EUW1_5531807089
GOLD,I,EUW1_5530463408
GOLD,I,EUW1_5530254620
GOLD,I,EUW1_5530180155
GOLD,I,EUW1_5530126244
GOLD,I,EUW1_5530111690
GOLD,I,EUW1_5530093431
GOLD,I,EUW1_5530021244
GOLD,I,EUW1_5529906033
GOLD,I,EUW1_5528704879
GOLD,I,EUW1_5527982746
GOLD,I,EUW1_5528030533
GOLD,I,EUW1_5527899585
GOLD,I,EUW1_5527878446
GOLD,I,EUW1_5527896622
GOLD,I,EUW1_5527884308
GOLD,I,EUW1_5527841631
GOLD,I,EUW1_5527756496
GOLD,I,EUW1_5527761598
GOLD,I,EUW1_5507839903
GOLD,I,EUW1_5507847174
GOLD,I,EUW1_5507813047
GOLD,I,EUW1_5507797809
GOLD,I,EUW1_5505131583
GOLD,I,EUW1_5504989734
GOLD,I,EUW1_5505055733
GOLD,I,EUW1_5504955312
GOLD,I,EUW1_5502422668
GOLD,I,EUW1_5502177591
GOLD,I,EUW1_5501486645
GOLD,I,EUW1_5501483290
GOLD,I,EUW1_5499533226
GOLD,I,EUW1_5497869657
GOLD,I,EUW1_5497839104
GOLD,I,EUW1_5497887432
GOLD,I,EUW1_5497856973
GOLD,I,EUW1_5497865684
GOLD,I,EUW1_5497913867
GOLD,I,EUW1_5497843483
GOLD,I,EUW1_5497901395
GOLD,I,EUW1_5497830493
GOLD,I,EUW1_5497748045
GOLD,I,EUW1_5497794728
GOLD,I,EUW1_5497762500
GOLD,I,EUW1_5497770922
GOLD,I,EUW1_5497715499
GOLD,I,EUW1_5497622217
GOLD,I,EUW1_5497594237
GOLD,I,EUW1_5497488504
GOLD,I,EUW1_5497347777
GOLD,I,EUW1_5497411467
GOLD,I,EUW1_5497246664
GOLD,I,EUW1_5497009090
GOLD,I,EUW1_5496934739
GOLD,I,EUW1_5496921261
GOLD,I,EUW1_5496775389
GOLD,I,EUW1_5496721433
GOLD,I,EUW1_5496690486
GOLD,I,EUW1_5495762862
GOLD,I,EUW1_5495298298
GOLD,I,EUW1_5495313584
GOLD,I,EUW1_5495270480
GOLD,I,EUW1_5495187747
GOLD,I,EUW1_5494052598
GOLD,I,EUW1_5492424331
GOLD,I,EUW1_5478080880
GOLD,I,EUW1_5477947596
GOLD,I,EUW1_5468702329
GOLD,I,EUW1_5467066849
GOLD,I,EUW1_5533454080
GOLD,I,EUW1_5531094043
GOLD,I,EUW1_5530951756
GOLD,I,EUW1_5530824149
GOLD,I,EUW1_5521382142
GOLD,I,EUW1_5521248130
GOLD,I,EUW1_5521250544
GOLD,I,EUW1_5521166280
GOLD,I,EUW1_5521141515
GOLD,I,EUW1_5506358535
GOLD,I,EUW1_5505001349
GOLD,I,EUW1_5494857278
GOLD,I,EUW1_5472453221
GOLD,I,EUW1_5458365981
GOLD,I,EUW1_5458307773
GOLD,I,EUW1_5453756570
GOLD,I,EUW1_5436595846
GOLD,I,EUW1_5436552632
GOLD,I,EUW1_5433175434
GOLD,I,EUW1_5433203825
GOLD,I,EUW1_5431028743
GOLD,I,EUW1_5430583011
GOLD,I,EUW1_5430474157
GOLD,I,EUW1_5430400841
GOLD,I,EUW1_5427890582
GOLD,I,EUW1_5534444516
GOLD,I,EUW1_5534461272
GOLD,I,EUW1_5534394590
GOLD,I,EUW1_5534360540
GOLD,I,EUW1_5534233882
GOLD,I,EUW1_5533614233
GOLD,I,EUW1_5533499213
GOLD,I,EUW1_5501594467
GOLD,I,EUW1_5501538280
GOLD,I,EUW1_5501543276
GOLD,I,EUW1_5501024445
GOLD,I,EUW1_5500983832
GOLD,I,EUW1_5501012562
GOLD,I,EUW1_5500946957
GOLD,I,EUW1_5500894712
GOLD,I,EUW1_5500902046
GOLD,I,EUW1_5500828355
GOLD,I,EUW1_5500824512
GOLD,I,EUW1_5500038120
GOLD,I,EUW1_5500043798
GOLD,I,EUW1_5496237630
GOLD,I,EUW1_5496206927
GOLD,I,EUW1_5496255490
GOLD,I,EUW1_5469552329
GOLD,I,EUW1_5469465004
GOLD,I,EUW1_5511406168
GOLD,I,EUW1_5511335216
GOLD,I,EUW1_5509448983
GOLD,I,EUW1_5509411592
GOLD,I,EUW1_5509292501
GOLD,I,EUW1_5509250578
GOLD,I,EUW1_5507067490
GOLD,I,EUW1_5500550884
GOLD,I,EUW1_5498897238
GOLD,I,EUW1_5498880539
GOLD,I,EUW1_5498817870
GOLD,I,EUW1_5498341678
GOLD,I,EUW1_5498159984
GOLD,I,EUW1_5498194091
GOLD,I,EUW1_5391606913
GOLD,I,EUW1_5391622738
GOLD,I,EUW1_5391538002
GOLD,I,EUW1_5359355258
GOLD,I,EUW1_5359280259
GOLD,I,EUW1_5358624033
GOLD,I,EUW1_5358566880
GOLD,I,EUW1_5358453833
GOLD,I,EUW1_5358292897
GOLD,I,EUW1_5356339277
GOLD,I,EUW1_5355488309
GOLD,I,EUW1_5394519360
GOLD,I,EUW1_5394513431
GOLD,I,EUW1_5384800606
GOLD,I,EUW1_5384472292
GOLD,I,EUW1_5384274469
GOLD,I,EUW1_5373821175
GOLD,I,EUW1_5373688114
GOLD,I,EUW1_5373712152
GOLD,I,EUW1_5371448164
GOLD,I,EUW1_5371454694
GOLD,I,EUW1_5204490375
GOLD,I,EUW1_5204446778
GOLD,I,EUW1_5204422665
GOLD,I,EUW1_5203853133
GOLD,I,EUW1_5203791950
GOLD,I,EUW1_5118197366
GOLD,I,EUW1_5118100412
GOLD,I,EUW1_5115860392
GOLD,I,EUW1_5115893932
GOLD,I,EUW1_5114409877
GOLD,I,EUW1_5114421460
GOLD,I,EUW1_5035171077
GOLD,I,EUW1_5035075466
GOLD,I,EUW1_5504434873
GOLD,I,EUW1_5504382127
GOLD,I,EUW1_5503449175
GOLD,I,EUW1_5503496435
GOLD,I,EUW1_5503150394
GOLD,I,EUW1_5503165014
GOLD,I,EUW1_5500222340
GOLD,I,EUW1_5497594109
GOLD,I,EUW1_5494008318
GOLD,I,EUW1_5494016645
GOLD,I,EUW1_5492520840
GOLD,I,EUW1_5492373683
GOLD,I,EUW1_5492298280
GOLD,I,EUW1_5492295062
GOLD,I,EUW1_5489717451
GOLD,I,EUW1_5489761182
GOLD,I,EUW1_5485867035
GOLD,I,EUW1_5485452603
GOLD,I,EUW1_5484114533
GOLD,I,EUW1_5483999079
GOLD,I,EUW1_5481212928
GOLD,I,EUW1_5469193674
GOLD,I,EUW1_5469170870
GOLD,I,EUW1_5469126120
GOLD,I,EUW1_5467690245
GOLD,I,EUW1_5533229462
GOLD,I,EUW1_5533203224
GOLD,I,EUW1_5530687587
GOLD,I,EUW1_5530681611
GOLD,I,EUW1_5530536777
GOLD,I,EUW1_5530450106
GOLD,I,EUW1_5530482767
GOLD,I,EUW1_5529219046
GOLD,I,EUW1_5529221201
GOLD,I,EUW1_5528324740
GOLD,I,EUW1_5528292873
GOLD,I,EUW1_5527305230
GOLD,I,EUW1_5525809187
GOLD,I,EUW1_5525885475
GOLD,I,EUW1_5525740545
GOLD,I,EUW1_5524776127
GOLD,I,EUW1_5524656497
GOLD,I,EUW1_5524309534
GOLD,I,EUW1_5524363986
GOLD,I,EUW1_5524281324
GOLD,I,EUW1_5523177434
GOLD,I,EUW1_5523162779
GOLD,I,EUW1_5522915892
GOLD,I,EUW1_5522891678
GOLD,I,EUW1_5519577078
GOLD,I,EUW1_5530346113
GOLD,I,EUW1_5530351173
GOLD,I,EUW1_5522369957
GOLD,I,EUW1_5522375807
GOLD,I,EUW1_5522334498
GOLD,I,EUW1_5522299150
GOLD,I,EUW1_5520988675
GOLD,I,EUW1_5518237277
GOLD,I,EUW1_5517764048
GOLD,I,EUW1_5516988006
GOLD,I,EUW1_5516406456
GOLD,I,EUW1_5515964723
GOLD,I,EUW1_5515373993
GOLD,I,EUW1_5515172433
GOLD,I,EUW1_5515019266
GOLD,I,EUW1_5513254187
GOLD,I,EUW1_5513179750
GOLD,I,EUW1_5513075485
GOLD,I,EUW1_5513010248
GOLD,I,EUW1_5512071767
GOLD,I,EUW1_5512016625
GOLD,I,EUW1_5511742926
GOLD,I,EUW1_5509064386
GOLD,I,EUW1_5509008155
GOLD,I,EUW1_5508512425
GOLD,I,EUW1_5307982620
GOLD,I,EUW1_5307892730
GOLD,I,EUW1_5306738494
GOLD,I,EUW1_5306409611
GOLD,I,EUW1_5304885289
GOLD,I,EUW1_5304552176
GOLD,I,EUW1_5304530967
GOLD,I,EUW1_5302979642
GOLD,I,EUW1_5303024680
GOLD,I,EUW1_5302738584
GOLD,I,EUW1_5180909162
GOLD,I,EUW1_5180904592
GOLD,I,EUW1_5180731524
GOLD,I,EUW1_5180526293
GOLD,I,EUW1_5180409933
GOLD,I,EUW1_5180418519
GOLD,I,EUW1_5180385229
GOLD,I,EUW1_5180383787
GOLD,I,EUW1_5159565515
GOLD,I,EUW1_5159532433
GOLD,I,EUW1_5154001055
GOLD,I,EUW1_5153897959
GOLD,I,EUW1_5134930558
GOLD,I,EUW1_5057001232
GOLD,I,EUW1_5056941459
GOLD,I,EUW1_5534147956
GOLD,I,EUW1_5533497338
GOLD,I,EUW1_5533530970
GOLD,I,EUW1_5533365103
GOLD,I,EUW1_5532106781
GOLD,I,EUW1_5532061812
GOLD,I,EUW1_5518155979
GOLD,I,EUW1_5518141264
GOLD,I,EUW1_5518007691
GOLD,I,EUW1_5515767209
GOLD,I,EUW1_5515722120
GOLD,I,EUW1_5514491068
GOLD,I,EUW1_5513944561
GOLD,I,EUW1_5511249406
GOLD,I,EUW1_5511146047
GOLD,I,EUW1_5507981409
GOLD,I,EUW1_5507888508
GOLD,I,EUW1_5507856881
GOLD,I,EUW1_5507482571
GOLD,I,EUW1_5506661136
GOLD,I,EUW1_5506539453
GOLD,I,EUW1_5506556199
GOLD,I,EUW1_5506503935
GOLD,I,EUW1_5505924019
GOLD,I,EUW1_5505896647
GOLD,I,EUW1_5490000972
GOLD,I,EUW1_5461776971
GOLD,I,EUW1_5461813058
GOLD,I,EUW1_5358708204
GOLD,I,EUW1_5358600108
GOLD,I,EUW1_5358592058
GOLD,I,EUW1_5358167168
GOLD,I,EUW1_5315436668
GOLD,I,EUW1_5315491075
GOLD,I,EUW1_5281925088
GOLD,I,EUW1_5266024494
GOLD,I,EUW1_5265909687
GOLD,I,EUW1_5265649648
GOLD,I,EUW1_5265715239
GOLD,I,EUW1_5265642054
GOLD,I,EUW1_5264877510
GOLD,I,EUW1_5264841183
GOLD,I,EUW1_5264765493
GOLD,I,EUW1_5264517379
GOLD,I,EUW1_5264430979
GOLD,I,EUW1_5252472512
GOLD,I,EUW1_5252318495
GOLD,I,EUW1_5252286485
GOLD,I,EUW1_5252224313
GOLD,I,EUW1_5230136566
GOLD,I,EUW1_5533037027
GOLD,I,EUW1_5533003240
GOLD,I,EUW1_5529851652
GOLD,I,EUW1_5529592998
GOLD,I,EUW1_5529151460
GOLD,I,EUW1_5529005501
GOLD,I,EUW1_5528999373
GOLD,I,EUW1_5528993243
GOLD,I,EUW1_5528942937
GOLD,I,EUW1_5528848989
GOLD,I,EUW1_5528578788
GOLD,I,EUW1_5528534971
GOLD,I,EUW1_5528236966
GOLD,I,EUW1_5528302202
GOLD,I,EUW1_5527025412
GOLD,I,EUW1_5526880022
GOLD,I,EUW1_5526447078
GOLD,I,EUW1_5526333552
GOLD,I,EUW1_5525639420
GOLD,I,EUW1_5525604044
GOLD,I,EUW1_5524665581
GOLD,I,EUW1_5524420285
GOLD,I,EUW1_5524434279
GOLD,I,EUW1_5524348382
GOLD,I,EUW1_5524342938
GOLD,I,EUW1_5533502617
GOLD,I,EUW1_5533310276
GOLD,I,EUW1_5533265987
GOLD,I,EUW1_5532611027
GOLD,I,EUW1_5530391299
GOLD,I,EUW1_5530152783
GOLD,I,EUW1_5530028805
GOLD,I,EUW1_5529938345
GOLD,I,EUW1_5529399637
GOLD,I,EUW1_5529330592
GOLD,I,EUW1_5529117182
GOLD,I,EUW1_5529122115
GOLD,I,EUW1_5528867192
GOLD,I,EUW1_5528821558
GOLD,I,EUW1_5527240618
GOLD,I,EUW1_5526869948
GOLD,I,EUW1_5526234084
GOLD,I,EUW1_5526170464
GOLD,I,EUW1_5525800668
GOLD,I,EUW1_5525546745
GOLD,I,EUW1_5524684136
GOLD,I,EUW1_5524309836
GOLD,I,EUW1_5524314470
GOLD,I,EUW1_5523990170
GOLD,I,EUW1_5524016665
GOLD,I,EUW1_5422768934
GOLD,I,EUW1_5420370604
GOLD,I,EUW1_5322760225
GOLD,I,EUW1_5322736108
GOLD,I,EUW1_5321344470
GOLD,I,EUW1_5321244865
GOLD,I,EUW1_5321150964
GOLD,I,EUW1_5320243763
GOLD,I,EUW1_5305646542
GOLD,I,EUW1_5305671222
GOLD,I,EUW1_5304814814
GOLD,I,EUW1_5304649667
GOLD,I,EUW1_5304305846
GOLD,I,EUW1_5304179643
GOLD,I,EUW1_5304172108
GOLD,I,EUW1_5304013088
GOLD,I,EUW1_5268286295
GOLD,I,EUW1_5268290523
GOLD,I,EUW1_5262077685
GOLD,I,EUW1_5261930777
GOLD,I,EUW1_5261925305
GOLD,I,EUW1_5257160298
GOLD,I,EUW1_5257114566
GOLD,I,EUW1_5251328313
GOLD,I,EUW1_5251227590
GOLD,I,EUW1_5485843451
GOLD,I,EUW1_5485860946
GOLD,I,EUW1_5479173746
GOLD,I,EUW1_5479067993
GOLD,I,EUW1_5479022371
GOLD,I,EUW1_5478985884
GOLD,I,EUW1_5478900770
GOLD,I,EUW1_5478883280
GOLD,I,EUW1_5478727773
GOLD,I,EUW1_5477416121
GOLD,I,EUW1_5477480565
GOLD,I,EUW1_5477334263
GOLD,I,EUW1_5475847502
GOLD,I,EUW1_5475860732
GOLD,I,EUW1_5475834307
GOLD,I,EUW1_5475668686
GOLD,I,EUW1_5475653733
GOLD,I,EUW1_5475624991
GOLD,I,EUW1_5473621399
GOLD,I,EUW1_5473508011
GOLD,I,EUW1_5473546873
GOLD,I,EUW1_5472519633
GOLD,I,EUW1_5472554662
GOLD,I,EUW1_5471373984
GOLD,I,EUW1_5445065775
GOLD,I,EUW1_5530692834
GOLD,I,EUW1_5521550249
GOLD,I,EUW1_5510744946
GOLD,I,EUW1_5489503815
GOLD,I,EUW1_5488716993
GOLD,I,EUW1_5488086484
GOLD,I,EUW1_5487690532
GOLD,I,EUW1_5481533722
GOLD,I,EUW1_5475477723
GOLD,I,EUW1_5473767887
GOLD,I,EUW1_5472783576
GOLD,I,EUW1_5472550395
GOLD,I,EUW1_5472545831
GOLD,I,EUW1_5472250761
GOLD,I,EUW1_5470587576
GOLD,I,EUW1_5468952578
GOLD,I,EUW1_5464838284
GOLD,I,EUW1_5464473114
GOLD,I,EUW1_5456144147
GOLD,I,EUW1_5448511894
GOLD,I,EUW1_5444522167
GOLD,I,EUW1_5443240641
GOLD,I,EUW1_5441696439
GOLD,I,EUW1_5438672229
GOLD,I,EUW1_5432144057
GOLD,I,EUW1_5512450492
GOLD,I,EUW1_5512361612
GOLD,I,EUW1_5512246261
GOLD,I,EUW1_5498207943
GOLD,I,EUW1_5498184362
GOLD,I,EUW1_5498121165
GOLD,I,EUW1_5497363172
GOLD,I,EUW1_5497285690
GOLD,I,EUW1_5497261154
GOLD,I,EUW1_5497195342
GOLD,I,EUW1_5497181092
GOLD,I,EUW1_5481709375
GOLD,I,EUW1_5481736197
GOLD,I,EUW1_5481675037
GOLD,I,EUW1_5481662574
GOLD,I,EUW1_5474100143
GOLD,I,EUW1_5470361712
GOLD,I,EUW1_5470299198
GOLD,I,EUW1_5470296247
GOLD,I,EUW1_5470332231
GOLD,I,EUW1_5470239944
GOLD,I,EUW1_5470199130
GOLD,I,EUW1_5470197285
GOLD,I,EUW1_5470011921
GOLD,I,EUW1_5469936322
GOLD,I,EUW1_5533289512
GOLD,I,EUW1_5512990182
GOLD,I,EUW1_5512987329
GOLD,I,EUW1_5512648601
GOLD,I,EUW1_5512685382
GOLD,I,EUW1_5512642585
GOLD,I,EUW1_5512587814
GOLD,I,EUW1_5512524052
GOLD,I,EUW1_5512465846
GOLD,I,EUW1_5512061114
GOLD,I,EUW1_5511965089
GOLD,I,EUW1_5511952109
GOLD,I,EUW1_5511877121
GOLD,I,EUW1_5511824510
GOLD,I,EUW1_5511820798
GOLD,I,EUW1_5511205212
GOLD,I,EUW1_5510957667
GOLD,I,EUW1_5510970844
GOLD,I,EUW1_5510763846
GOLD,I,EUW1_5510654401
GOLD,I,EUW1_5510559059
GOLD,I,EUW1_5510506257
GOLD,I,EUW1_5510429909
GOLD,I,EUW1_5510292774
GOLD,I,EUW1_5510208584
GOLD,I,EUW1_5530008598
GOLD,I,EUW1_5529910001
GOLD,I,EUW1_5529813648
GOLD,I,EUW1_5529779784
GOLD,I,EUW1_5521501283
GOLD,I,EUW1_5510481505
GOLD,I,EUW1_5509060607
GOLD,I,EUW1_5508924914
GOLD,I,EUW1_5508331407
GOLD,I,EUW1_5507159807
GOLD,I,EUW1_5488169780
GOLD,I,EUW1_5488132568
GOLD,I,EUW1_5488063987
GOLD,I,EUW1_5482393344
GOLD,I,EUW1_5482307153
GOLD,I,EUW1_5478798443
GOLD,I,EUW1_5478773520
GOLD,I,EUW1_5470994574
GOLD,I,EUW1_5464894891
GOLD,I,EUW1_5464828128
GOLD,I,EUW1_5464388260
GOLD,I,EUW1_5464426593
GOLD,I,EUW1_5458148481
GOLD,I,EUW1_5456214165
GOLD,I,EUW1_5456089505
GOLD,I,EUW1_5526040056
GOLD,I,EUW1_5526123832
GOLD,I,EUW1_5525594431
GOLD,I,EUW1_5525581073
GOLD,I,EUW1_5521403036
GOLD,I,EUW1_5521313739
GOLD,I,EUW1_5521218982
GOLD,I,EUW1_5521136845
GOLD,I,EUW1_5507636252
GOLD,I,EUW1_5507529490
GOLD,I,EUW1_5507553050
GOLD,I,EUW1_5505934005
GOLD,I,EUW1_5505896478
GOLD,I,EUW1_5504053501
GOLD,I,EUW1_5504009973
GOLD,I,EUW1_5502978741
GOLD,I,EUW1_5502945660
GOLD,I,EUW1_5502920101
GOLD,I,EUW1_5502925654
GOLD,I,EUW1_5502923173
GOLD,I,EUW1_5500637183
GOLD,I,EUW1_5500612455
GOLD,I,EUW1_5500517619
GOLD,I,EUW1_5483049715
GOLD,I,EUW1_5476929596
GOLD,I,EUW1_5531992736
GOLD,I,EUW1_5531943990
GOLD,I,EUW1_5531803850
GOLD,I,EUW1_5531679469
GOLD,I,EUW1_5531703288
GOLD,I,EUW1_5531649656
GOLD,I,EUW1_5530510548
GOLD,I,EUW1_5530474554
GOLD,I,EUW1_5530309877
GOLD,I,EUW1_5530324661
GOLD,I,EUW1_5530210049
GOLD,I,EUW1_5529008422
GOLD,I,EUW1_5528999926
GOLD,I,EUW1_5526328013
GOLD,I,EUW1_5526239150
GOLD,I,EUW1_5514911020
GOLD,I,EUW1_5510080911
GOLD,I,EUW1_5510035457
GOLD,I,EUW1_5510040891
GOLD,I,EUW1_5508929714
GOLD,I,EUW1_5508944906
GOLD,I,EUW1_5508913185
GOLD,I,EUW1_5500513658
GOLD,I,EUW1_5500466345
GOLD,I,EUW1_5500391158
GOLD,I,EUW1_5236810630
GOLD,I,EUW1_5204566677
GOLD,I,EUW1_5202545629
GOLD,I,EUW1_5202255769
GOLD,I,EUW1_5188817516
GOLD,I,EUW1_5188861170
GOLD,I,EUW1_5187423378
GOLD,I,EUW1_5185958392
GOLD,I,EUW1_5184855857
GOLD,I,EUW1_5183602675
GOLD,I,EUW1_5179296116
GOLD,I,EUW1_5175121238
GOLD,I,EUW1_5173556926
GOLD,I,EUW1_5170629550
GOLD,I,EUW1_5170656605
GOLD,I,EUW1_5170373691
GOLD,I,EUW1_5170284482
GOLD,I,EUW1_5168524902
GOLD,I,EUW1_5168449573
GOLD,I,EUW1_5166908339
GOLD,I,EUW1_5166798421
GOLD,I,EUW1_5160082842
GOLD,I,EUW1_5159967639
GOLD,I,EUW1_5151762461
GOLD,I,EUW1_5146978685
GOLD,I,EUW1_5238992355
GOLD,I,EUW1_5234298723
GOLD,I,EUW1_5227920503
GOLD,I,EUW1_5227729575
GOLD,I,EUW1_5227742572
GOLD,I,EUW1_5225221267
GOLD,I,EUW1_5225032692
GOLD,I,EUW1_5224864745
GOLD,I,EUW1_5177954649
GOLD,I,EUW1_5177857912
GOLD,I,EUW1_5177711417
GOLD,I,EUW1_5177555592
GOLD,I,EUW1_5177447628
GOLD,I,EUW1_5177452521
GOLD,I,EUW1_5166153168
GOLD,I,EUW1_5144843812
GOLD,I,EUW1_5144680092
GOLD,I,EUW1_5144579423
GOLD,I,EUW1_5117951250
GOLD,I,EUW1_5116516249
GOLD,I,EUW1_5116437788
GOLD,I,EUW1_5116298754
GOLD,I,EUW1_5116057949
GOLD,I,EUW1_5116110771
GOLD,I,EUW1_5115868450
GOLD,I,EUW1_5530344843
GOLD,I,EUW1_5530370532
GOLD,I,EUW1_5527001734
GOLD,I,EUW1_5526323387
GOLD,I,EUW1_5526164885
GOLD,I,EUW1_5524672302
GOLD,I,EUW1_5524449913
GOLD,I,EUW1_5523371022
GOLD,I,EUW1_5523175113
GOLD,I,EUW1_5521980652
GOLD,I,EUW1_5521777201
GOLD,I,EUW1_5516349388
GOLD,I,EUW1_5515778743
GOLD,I,EUW1_5515742265
GOLD,I,EUW1_5515645729
GOLD,I,EUW1_5515529718
GOLD,I,EUW1_5515534880
GOLD,I,EUW1_5515216044
GOLD,I,EUW1_5515211667
GOLD,I,EUW1_5515195119
GOLD,I,EUW1_5515120827
GOLD,I,EUW1_5510939225
GOLD,I,EUW1_5510730078
GOLD,I,EUW1_5510659715
GOLD,I,EUW1_5510560076
GOLD,I,EUW1_5526431082
GOLD,I,EUW1_5526327427
GOLD,I,EUW1_5516783331
GOLD,I,EUW1_5510995410
GOLD,I,EUW1_5510921147
GOLD,I,EUW1_5507439038
GOLD,I,EUW1_5498806560
GOLD,I,EUW1_5498742065
GOLD,I,EUW1_5498706445
GOLD,I,EUW1_5498343414
GOLD,I,EUW1_5498276314
GOLD,I,EUW1_5495709732
GOLD,I,EUW1_5495735071
GOLD,I,EUW1_5495658729
GOLD,I,EUW1_5495585479
GOLD,I,EUW1_5492545856
GOLD,I,EUW1_5492503263
GOLD,I,EUW1_5488360713
GOLD,I,EUW1_5488235913
GOLD,I,EUW1_5487190000
GOLD,I,EUW1_5487275868
GOLD,I,EUW1_5487205255
GOLD,I,EUW1_5474681636
GOLD,I,EUW1_5469675095
GOLD,I,EUW1_5469560423
GOLD,I,EUW1_5347660402
GOLD,I,EUW1_5345451336
GOLD,I,EUW1_5344634943
GOLD,I,EUW1_5343731233
GOLD,I,EUW1_5343182324
GOLD,I,EUW1_5343220911
GOLD,I,EUW1_5340075623
GOLD,I,EUW1_5339626549
GOLD,I,EUW1_5339614341
GOLD,I,EUW1_5339092021
GOLD,I,EUW1_5339025314
GOLD,I,EUW1_5338307223
GOLD,I,EUW1_5338273396
GOLD,I,EUW1_5338195986
GOLD,I,EUW1_5338153729
GOLD,I,EUW1_5338161747
GOLD,I,EUW1_5337574446
GOLD,I,EUW1_5337528470
GOLD,I,EUW1_5336638249
GOLD,I,EUW1_5336560861
GOLD,I,EUW1_5336457551
GOLD,I,EUW1_5336044336
GOLD,I,EUW1_5335938129
GOLD,I,EUW1_5335971049
GOLD,I,EUW1_5335241307
GOLD,I,EUW1_5533886206
GOLD,I,EUW1_5533458520
GOLD,I,EUW1_5533451194
GOLD,I,EUW1_5533277851
GOLD,I,EUW1_5533254991
GOLD,I,EUW1_5532813205
GOLD,I,EUW1_5532737405
GOLD,I,EUW1_5532690786
GOLD,I,EUW1_5532623232
GOLD,I,EUW1_5532499868
GOLD,I,EUW1_5532522316
GOLD,I,EUW1_5532102941
GOLD,I,EUW1_5532057020
GOLD,I,EUW1_5532022280
GOLD,I,EUW1_5531926899
GOLD,I,EUW1_5531837441
GOLD,I,EUW1_5531675776
GOLD,I,EUW1_5530369386
GOLD,I,EUW1_5530346041
GOLD,I,EUW1_5530351157
GOLD,I,EUW1_5530251008
GOLD,I,EUW1_5527471647
GOLD,I,EUW1_5527355687
GOLD,I,EUW1_5527303086
GOLD,I,EUW1_5527209351
